Service, Operation, UsageType, Resource, StartTime, EndTime, UsageValue
AmazonEC2,Unknown,CW:AlarmMonitorUsage,,11/01/16 00:00:00,11/02/16 00:00:00,48
AmazonEC2,CreateVolume-Gp2,EBS:VolumeUsage.gp2,,11/01/16 00:00:00,11/02/16 00:00:00,773094113280
AmazonEC2,CreateVolume,USW2-EBS:VolumeUsage,,11/01/16 00:00:00,11/02/16 00:00:00,206158430208
AmazonEC2,CreateSnapshot,USW1-EBS:SnapshotUsage,,11/01/16 00:00:00,11/02/16 00:00:00,8731053096
AmazonEC2,CreateSnapshot,EBS:SnapshotUsage,,11/01/16 00:00:00,11/02/16 00:00:00,9423844728
AmazonEC2,Unknown,CW:AlarmMonitorUsage,,11/02/16 00:00:00,11/03/16 00:00:00,48
AmazonEC2,CreateVolume-Gp2,EBS:VolumeUsage.gp2,,11/02/16 00:00:00,11/03/16 00:00:00,773094113280
AmazonEC2,CreateVolume,USW2-EBS:VolumeUsage,,11/02/16 00:00:00,11/03/16 00:00:00,206158430208
AmazonEC2,CreateSnapshot,USW1-EBS:SnapshotUsage,,11/02/16 00:00:00,11/03/16 00:00:00,8731053096
AmazonEC2,CreateSnapshot,EBS:SnapshotUsage,,11/02/16 00:00:00,11/03/16 00:00:00,9423844728
AmazonEC2,Unknown,CW:AlarmMonitorUsage,,11/03/16 00:00:00,11/04/16 00:00:00,48
AmazonEC2,CreateVolume,USW2-EBS:VolumeUsage,,11/03/16 00:00:00,11/04/16 00:00:00,206158430208
AmazonEC2,CreateVolume-Gp2,EBS:VolumeUsage.gp2,,11/03/16 00:00:00,11/04/16 00:00:00,773094113280
AmazonEC2,CreateSnapshot,USW1-EBS:SnapshotUsage,,11/03/16 00:00:00,11/04/16 00:00:00,8731053096
AmazonEC2,CreateSnapshot,EBS:SnapshotUsage,,11/03/16 00:00:00,11/04/16 00:00:00,9423844728
AmazonEC2,CreateVolume,USW2-EBS:VolumeUsage,,11/04/16 00:00:00,11/05/16 00:00:00,206158430208
AmazonEC2,Unknown,CW:AlarmMonitorUsage,,11/04/16 00:00:00,11/05/16 00:00:00,48
AmazonEC2,CreateVolume-Gp2,EBS:VolumeUsage.gp2,,11/04/16 00:00:00,11/05/16 00:00:00,773094113280
AmazonEC2,CreateSnapshot,USW1-EBS:SnapshotUsage,,11/04/16 00:00:00,11/05/16 00:00:00,8731053096
AmazonEC2,CreateSnapshot,EBS:SnapshotUsage,,11/04/16 00:00:00,11/05/16 00:00:00,9423844728
AmazonEC2,Unknown,CW:AlarmMonitorUsage,,11/05/16 00:00:00,11/06/16 00:00:00,48
AmazonEC2,CreateVolume,USW2-EBS:VolumeUsage,,11/05/16 00:00:00,11/06/16 00:00:00,206158430208
AmazonEC2,CreateVolume-Gp2,EBS:VolumeUsage.gp2,,11/05/16 00:00:00,11/06/16 00:00:00,773094113280
AmazonEC2,CreateSnapshot,USW1-EBS:SnapshotUsage,,11/05/16 00:00:00,11/06/16 00:00:00,8731053096
AmazonEC2,CreateSnapshot,EBS:SnapshotUsage,,11/05/16 00:00:00,11/06/16 00:00:00,9423844728
AmazonEC2,CreateVolume-Gp2,EBS:VolumeUsage.gp2,,11/06/16 00:00:00,11/07/16 00:00:00,773094113280
AmazonEC2,Unknown,CW:AlarmMonitorUsage,,11/06/16 00:00:00,11/07/16 00:00:00,48
AmazonEC2,CreateVolume,USW2-EBS:VolumeUsage,,11/06/16 00:00:00,11/07/16 00:00:00,206158430208
AmazonEC2,CreateSnapshot,USW1-EBS:SnapshotUsage,,11/06/16 00:00:00,11/07/16 00:00:00,8731053096
AmazonEC2,CreateSnapshot,EBS:SnapshotUsage,,11/06/16 00:00:00,11/07/16 00:00:00,9423844728
AmazonEC2,CreateVolume,USW2-EBS:VolumeUsage,,11/07/16 00:00:00,11/08/16 00:00:00,206158430208
AmazonEC2,Unknown,CW:AlarmMonitorUsage,,11/07/16 00:00:00,11/08/16 00:00:00,48
AmazonEC2,CreateVolume-Gp2,EBS:VolumeUsage.gp2,,11/07/16 00:00:00,11/08/16 00:00:00,773094113280
AmazonEC2,CreateSnapshot,EBS:SnapshotUsage,,11/07/16 00:00:00,11/08/16 00:00:00,9423844728
AmazonEC2,CreateSnapshot,USW1-EBS:SnapshotUsage,,11/07/16 00:00:00,11/08/16 00:00:00,8731053096
AmazonEC2,CreateVolume,USW2-EBS:VolumeUsage,,11/08/16 00:00:00,11/09/16 00:00:00,206158430208
AmazonEC2,CreateVolume-Gp2,EBS:VolumeUsage.gp2,,11/08/16 00:00:00,11/09/16 00:00:00,773094113280
AmazonEC2,Unknown,CW:AlarmMonitorUsage,,11/08/16 00:00:00,11/09/16 00:00:00,48
AmazonEC2,CreateSnapshot,EBS:SnapshotUsage,,11/08/16 00:00:00,11/09/16 00:00:00,9423844728
AmazonEC2,CreateSnapshot,USW1-EBS:SnapshotUsage,,11/08/16 00:00:00,11/09/16 00:00:00,8731053096
AmazonEC2,Unknown,CW:AlarmMonitorUsage,,11/09/16 00:00:00,11/10/16 00:00:00,48
AmazonEC2,CreateVolume,USW2-EBS:VolumeUsage,,11/09/16 00:00:00,11/10/16 00:00:00,206158430208
AmazonEC2,CreateVolume-Gp2,EBS:VolumeUsage.gp2,,11/09/16 00:00:00,11/10/16 00:00:00,773094113280
AmazonEC2,CreateSnapshot,USW1-EBS:SnapshotUsage,,11/09/16 00:00:00,11/10/16 00:00:00,8731053096
AmazonEC2,CreateSnapshot,EBS:SnapshotUsage,,11/09/16 00:00:00,11/10/16 00:00:00,9423844728
AmazonEC2,CreateVolume-Gp2,EBS:VolumeUsage.gp2,,11/10/16 00:00:00,11/11/16 00:00:00,773094113280
AmazonEC2,Unknown,CW:AlarmMonitorUsage,,11/10/16 00:00:00,11/11/16 00:00:00,48
AmazonEC2,CreateVolume,USW2-EBS:VolumeUsage,,11/10/16 00:00:00,11/11/16 00:00:00,206158430208
AmazonEC2,CreateSnapshot,USW1-EBS:SnapshotUsage,,11/10/16 00:00:00,11/11/16 00:00:00,8731053096
AmazonEC2,CreateSnapshot,EBS:SnapshotUsage,,11/10/16 00:00:00,11/11/16 00:00:00,9423844728
AmazonEC2,CreateVolume-Gp2,USW2-EBS:VolumeUsage.gp2,,11/10/16 00:00:00,11/11/16 00:00:00,8589934592
AmazonEC2,RunInstances,USW2-C3DataTransfer-In-Bytes,,11/10/16 00:00:00,11/11/16 00:00:00,4766569
AmazonEC2,RunInstances,USW2-BoxUsage:t2.micro,,11/10/16 00:00:00,11/11/16 00:00:00,1
AmazonEC2,RunInstances,USW2-C3DataTransfer-Out-Bytes,,11/10/16 00:00:00,11/11/16 00:00:00,104572
AmazonEC2,EBS:Gp2-IO-Read,USW2-EBS:VolumeIOUsage.gp2,,11/10/16 00:00:00,11/11/16 00:00:00,4
AmazonEC2,EBS:Gp2-IO-Write,USW2-EBS:VolumeIOUsage.gp2,,11/10/16 00:00:00,11/11/16 00:00:00,514
AmazonEC2,RunInstances,USW2-DataTransfer-Out-Bytes,,11/10/16 00:00:00,11/11/16 00:00:00,13395
AmazonEC2,RunInstances,USW2-DataTransfer-In-Bytes,,11/10/16 00:00:00,11/11/16 00:00:00,13971
AmazonEC2,CreateVolume,USW2-EBS:VolumeUsage,,11/11/16 00:00:00,11/12/16 00:00:00,206158430208
AmazonEC2,Unknown,CW:AlarmMonitorUsage,,11/11/16 00:00:00,11/12/16 00:00:00,48
AmazonEC2,RunInstances,USW2-DataTransfer-Out-Bytes,,11/11/16 00:00:00,11/12/16 00:00:00,1489624
AmazonEC2,CreateVolume-Gp2,USW2-EBS:VolumeUsage.gp2,,11/11/16 00:00:00,11/12/16 00:00:00,206158430208
AmazonEC2,CreateVolume-Gp2,EBS:VolumeUsage.gp2,,11/11/16 00:00:00,11/12/16 00:00:00,773094113280
AmazonEC2,EBS:Gp2-IO-Write,USW2-EBS:VolumeIOUsage.gp2,,11/11/16 00:00:00,11/12/16 00:00:00,8086
AmazonEC2,RunInstances,USW2-DataTransfer-In-Bytes,,11/11/16 00:00:00,11/12/16 00:00:00,692300
AmazonEC2,RunInstances,USW2-BoxUsage:t2.micro,,11/11/16 00:00:00,11/12/16 00:00:00,24
AmazonEC2,EBS:Gp2-IO-Read,USW2-EBS:VolumeIOUsage.gp2,,11/11/16 00:00:00,11/12/16 00:00:00,6930
AmazonEC2,RunInstances,USW2-C3DataTransfer-In-Bytes,,11/11/16 00:00:00,11/12/16 00:00:00,2295583
AmazonEC2,RunInstances,USW2-C3DataTransfer-Out-Bytes,,11/11/16 00:00:00,11/12/16 00:00:00,63097
AmazonEC2,CreateSnapshot,EBS:SnapshotUsage,,11/11/16 00:00:00,11/12/16 00:00:00,9423844728
AmazonEC2,CreateSnapshot,USW1-EBS:SnapshotUsage,,11/11/16 00:00:00,11/12/16 00:00:00,8731053096
AmazonEC2,RunInstances,USW2-DataTransfer-ELB-Out-Bytes,,11/11/16 00:00:00,11/12/16 00:00:00,1742783
AmazonEC2,LoadBalancing:Application,USW2-LoadBalancerUsage,,11/11/16 00:00:00,11/12/16 00:00:00,1
AmazonEC2,LoadBalancing:Application,USW2-LCUUsage,,11/11/16 00:00:00,11/12/16 00:00:00,0.018866666666667
AmazonEC2,LoadBalancing,USW2-DataTransfer-Out-Bytes,,11/11/16 00:00:00,11/12/16 00:00:00,1579868
AmazonEC2,LoadBalancing,USW2-DataTransfer-ELB-Out-Bytes,,11/11/16 00:00:00,11/12/16 00:00:00,398713
AmazonEC2,RunInstances,USW2-DataTransfer-AZ-In-Bytes,,11/11/16 00:00:00,11/12/16 00:00:00,10565
AmazonEC2,RunInstances,USW2-DataTransfer-ELB-In-Bytes,,11/11/16 00:00:00,11/12/16 00:00:00,397205
AmazonEC2,LoadBalancing,USW2-DataTransfer-ELB-In-Bytes,,11/11/16 00:00:00,11/12/16 00:00:00,1744738
AmazonEC2,LoadBalancing,USW2-DataTransfer-In-Bytes,,11/11/16 00:00:00,11/12/16 00:00:00,349498
AmazonEC2,RunInstances,USW2-DataTransfer-AZ-Out-Bytes,,11/11/16 00:00:00,11/12/16 00:00:00,69355
AmazonEC2,RunInstances,USW2-DataTransfer-In-Bytes,,11/12/16 00:00:00,11/13/16 00:00:00,669822
AmazonEC2,CreateVolume-Gp2,USW2-EBS:VolumeUsage.gp2,,11/12/16 00:00:00,11/13/16 00:00:00,206158430208
AmazonEC2,LoadBalancing:Application,USW2-LCUUsage,,11/12/16 00:00:00,11/13/16 00:00:00,1.56732222222222
AmazonEC2,LoadBalancing,USW2-DataTransfer-ELB-Out-Bytes,,11/12/16 00:00:00,11/13/16 00:00:00,34306147
AmazonEC2,RunInstances,USW2-DataTransfer-ELB-Out-Bytes,,11/12/16 00:00:00,11/13/16 00:00:00,149094259
AmazonEC2,RunInstances,USW2-C3DataTransfer-In-Bytes,,11/12/16 00:00:00,11/13/16 00:00:00,114305
AmazonEC2,LoadBalancing,USW2-DataTransfer-Out-Bytes,,11/12/16 00:00:00,11/13/16 00:00:00,138539473
AmazonEC2,CreateVolume,USW2-EBS:VolumeUsage,,11/12/16 00:00:00,11/13/16 00:00:00,206158430208
AmazonEC2,LoadBalancing,USW2-DataTransfer-ELB-In-Bytes,,11/12/16 00:00:00,11/13/16 00:00:00,149143074
AmazonEC2,EBS:Gp2-IO-Read,USW2-EBS:VolumeIOUsage.gp2,,11/12/16 00:00:00,11/13/16 00:00:00,0
AmazonEC2,RunInstances,USW2-DataTransfer-Out-Bytes,,11/12/16 00:00:00,11/13/16 00:00:00,1191505
AmazonEC2,RunInstances,USW2-DataTransfer-ELB-In-Bytes,,11/12/16 00:00:00,11/13/16 00:00:00,34294377
AmazonEC2,RunInstances,USW2-BoxUsage:t2.micro,,11/12/16 00:00:00,11/13/16 00:00:00,24
AmazonEC2,LoadBalancing:Application,USW2-LoadBalancerUsage,,11/12/16 00:00:00,11/13/16 00:00:00,24
AmazonEC2,RunInstances,USW2-C3DataTransfer-Out-Bytes,,11/12/16 00:00:00,11/13/16 00:00:00,70850
AmazonEC2,EBS:Gp2-IO-Write,USW2-EBS:VolumeIOUsage.gp2,,11/12/16 00:00:00,11/13/16 00:00:00,38081
AmazonEC2,Unknown,CW:AlarmMonitorUsage,,11/12/16 00:00:00,11/13/16 00:00:00,48
AmazonEC2,LoadBalancing,USW2-DataTransfer-In-Bytes,,11/12/16 00:00:00,11/13/16 00:00:00,30604048
AmazonEC2,CreateVolume-Gp2,EBS:VolumeUsage.gp2,,11/12/16 00:00:00,11/13/16 00:00:00,773094113280
AmazonEC2,CreateSnapshot,USW1-EBS:SnapshotUsage,,11/12/16 00:00:00,11/13/16 00:00:00,8731053096
AmazonEC2,CreateSnapshot,EBS:SnapshotUsage,,11/12/16 00:00:00,11/13/16 00:00:00,9423844728
AmazonEC2,RunInstances,USW2-DataTransfer-ELB-In-Bytes,,11/13/16 00:00:00,11/14/16 00:00:00,37130019
AmazonEC2,CreateVolume-Gp2,USW2-EBS:VolumeUsage.gp2,,11/13/16 00:00:00,11/14/16 00:00:00,206158430208
AmazonEC2,RunInstances,USW2-DataTransfer-Out-Bytes,,11/13/16 00:00:00,11/14/16 00:00:00,932220
AmazonEC2,LoadBalancing,USW2-DataTransfer-ELB-Out-Bytes,,11/13/16 00:00:00,11/14/16 00:00:00,37137385
AmazonEC2,RunInstances,USW2-DataTransfer-In-Bytes,,11/13/16 00:00:00,11/14/16 00:00:00,499163
AmazonEC2,InterZone-Out,USW2-DataTransfer-Regional-Bytes,,11/13/16 00:00:00,11/14/16 00:00:00,779993
AmazonEC2,RunInstances,USW2-DataTransfer-ELB-Out-Bytes,,11/13/16 00:00:00,11/14/16 00:00:00,160602584
AmazonEC2,RunInstances,USW2-BoxUsage:t2.micro,,11/13/16 00:00:00,11/14/16 00:00:00,24
AmazonEC2,CreateVolume-Gp2,EBS:VolumeUsage.gp2,,11/13/16 00:00:00,11/14/16 00:00:00,773094113280
AmazonEC2,LoadBalancing,USW2-DataTransfer-Out-Bytes,,11/13/16 00:00:00,11/14/16 00:00:00,149458173
AmazonEC2,LoadBalancing:Application,USW2-LCUUsage,,11/13/16 00:00:00,11/14/16 00:00:00,1.70411111111111
AmazonEC2,EBS:Gp2-IO-Read,USW2-EBS:VolumeIOUsage.gp2,,11/13/16 00:00:00,11/14/16 00:00:00,6
AmazonEC2,RunInstances,USW2-DataTransfer-AZ-In-Bytes,,11/13/16 00:00:00,11/14/16 00:00:00,107891
AmazonEC2,LoadBalancing,USW2-DataTransfer-In-Bytes,,11/13/16 00:00:00,11/14/16 00:00:00,33020513
AmazonEC2,Unknown,CW:AlarmMonitorUsage,,11/13/16 00:00:00,11/14/16 00:00:00,48
AmazonEC2,RunInstances,USW2-C3DataTransfer-In-Bytes,,11/13/16 00:00:00,11/14/16 00:00:00,644134
AmazonEC2,LoadBalancing,USW2-DataTransfer-ELB-In-Bytes,,11/13/16 00:00:00,11/14/16 00:00:00,160633864
AmazonEC2,LoadBalancing:Application,USW2-LoadBalancerUsage,,11/13/16 00:00:00,11/14/16 00:00:00,24
AmazonEC2,EBS:Gp2-IO-Write,USW2-EBS:VolumeIOUsage.gp2,,11/13/16 00:00:00,11/14/16 00:00:00,38298
AmazonEC2,RunInstances,USW2-C3DataTransfer-Out-Bytes,,11/13/16 00:00:00,11/14/16 00:00:00,27006
AmazonEC2,RunInstances,USW2-DataTransfer-AZ-Out-Bytes,,11/13/16 00:00:00,11/14/16 00:00:00,473110
AmazonEC2,CreateVolume,USW2-EBS:VolumeUsage,,11/13/16 00:00:00,11/14/16 00:00:00,206158430208
AmazonEC2,InterZone-In,USW2-DataTransfer-Regional-Bytes,,11/13/16 00:00:00,11/14/16 00:00:00,194458
AmazonEC2,CreateSnapshot,USW1-EBS:SnapshotUsage,,11/13/16 00:00:00,11/14/16 00:00:00,8731053096
AmazonEC2,CreateSnapshot,EBS:SnapshotUsage,,11/13/16 00:00:00,11/14/16 00:00:00,9423844728
AmazonEC2,LoadBalancing,USW2-DataTransfer-ELB-Out-Bytes,,11/14/16 00:00:00,11/15/16 00:00:00,38458909
AmazonEC2,RunInstances,USW2-DataTransfer-ELB-In-Bytes,,11/14/16 00:00:00,11/15/16 00:00:00,38468511
AmazonEC2,EBS:Gp2-IO-Read,USW2-EBS:VolumeIOUsage.gp2,,11/14/16 00:00:00,11/15/16 00:00:00,0
AmazonEC2,LoadBalancing,USW2-DataTransfer-ELB-In-Bytes,,11/14/16 00:00:00,11/15/16 00:00:00,158929278
AmazonEC2,CreateVolume-Gp2,USW2-EBS:VolumeUsage.gp2,,11/14/16 00:00:00,11/15/16 00:00:00,208305913856
AmazonEC2,LoadBalancing:Application,USW2-LCUUsage,,11/14/16 00:00:00,11/15/16 00:00:00,1.27706666666667
AmazonEC2,EBS:Gp2-IO-Write,USW2-EBS:VolumeIOUsage.gp2,,11/14/16 00:00:00,11/15/16 00:00:00,38904
AmazonEC2,LoadBalancing,USW2-DataTransfer-Out-Bytes,,11/14/16 00:00:00,11/15/16 00:00:00,147485285
AmazonEC2,LoadBalancing,USW2-DataTransfer-In-Bytes,,11/14/16 00:00:00,11/15/16 00:00:00,32647479
AmazonEC2,RunInstances,USW2-DataTransfer-ELB-Out-Bytes,,11/14/16 00:00:00,11/15/16 00:00:00,158976046
AmazonEC2,Unknown,CW:AlarmMonitorUsage,,11/14/16 00:00:00,11/15/16 00:00:00,48
AmazonEC2,CreateVolume-Gp2,EBS:VolumeUsage.gp2,,11/14/16 00:00:00,11/15/16 00:00:00,773094113280
AmazonEC2,RunInstances,USW2-DataTransfer-In-Bytes,,11/14/16 00:00:00,11/15/16 00:00:00,1642714
AmazonEC2,CreateVolume,USW2-EBS:VolumeUsage,,11/14/16 00:00:00,11/15/16 00:00:00,206158430208
AmazonEC2,LoadBalancing:Application,USW2-LoadBalancerUsage,,11/14/16 00:00:00,11/15/16 00:00:00,18
AmazonEC2,RunInstances,USW2-DataTransfer-Out-Bytes,,11/14/16 00:00:00,11/15/16 00:00:00,4086873
AmazonEC2,RunInstances,USW2-BoxUsage:t2.micro,,11/14/16 00:00:00,11/15/16 00:00:00,24
AmazonEC2,RunInstances,USW2-C3DataTransfer-Out-Bytes,,11/14/16 00:00:00,11/15/16 00:00:00,268749
AmazonEC2,RunInstances,USW2-C3DataTransfer-In-Bytes,,11/14/16 00:00:00,11/15/16 00:00:00,397694
AmazonEC2,LoadBalancing,USW2-LoadBalancerUsage,,11/14/16 00:00:00,11/15/16 00:00:00,7
AmazonEC2,RunInstances,USW2-DataTransfer-AZ-In-Bytes,,11/14/16 00:00:00,11/15/16 00:00:00,164204
AmazonEC2,RunInstances,USW2-DataTransfer-AZ-Out-Bytes,,11/14/16 00:00:00,11/15/16 00:00:00,593672
AmazonEC2,InterZone-In,USW2-DataTransfer-Regional-Bytes,,11/14/16 00:00:00,11/15/16 00:00:00,160148
AmazonEC2,InterZone-Out,USW2-DataTransfer-Regional-Bytes,,11/14/16 00:00:00,11/15/16 00:00:00,572767
AmazonEC2,LoadBalancing,USW2-DataProcessing-Bytes,,11/14/16 00:00:00,11/15/16 00:00:00,32618205
AmazonEC2,LoadBalancing,USW2-TestDataProcessing-Bytes,,11/14/16 00:00:00,11/15/16 00:00:00,32618205
AmazonEC2,AssociateAddressVPC,USW2-ElasticIP:IdleAddress,,11/14/16 00:00:00,11/15/16 00:00:00,1
AmazonEC2,Unknown,USW2-CW:AlarmMonitorUsage,,11/14/16 00:00:00,11/15/16 00:00:00,2.58333333333333
AmazonEC2,ListMetrics,USW2-CW:Requests,,11/14/16 00:00:00,11/15/16 00:00:00,2
AmazonEC2,NatGateway,USW2-NatGateway-Hours,,11/14/16 00:00:00,11/15/16 00:00:00,3
AmazonEC2,AssociateAddress,USW2-ElasticIP:IdleAddress,,11/14/16 00:00:00,11/15/16 00:00:00,3
AmazonEC2,CreateSnapshot,USW2-EBS:SnapshotUsage,,11/14/16 00:00:00,11/15/16 00:00:00,4842323968
AmazonEC2,CreateSnapshot,EBS:SnapshotUsage,,11/14/16 00:00:00,11/15/16 00:00:00,9423844728
AmazonEC2,CreateSnapshot,USW1-EBS:SnapshotUsage,,11/14/16 00:00:00,11/15/16 00:00:00,8731053096
AmazonEC2,LoadBalancing,USW2-DataTransfer-ELB-In-Bytes,,11/15/16 00:00:00,11/16/16 00:00:00,12514724
AmazonEC2,CreateVolume-Gp2,EBS:VolumeUsage.gp2,,11/15/16 00:00:00,11/16/16 00:00:00,773094113280
AmazonEC2,NatGateway,USW2-NatGateway-Hours,,11/15/16 00:00:00,11/16/16 00:00:00,24
AmazonEC2,LoadBalancing,USW2-DataTransfer-ELB-Out-Bytes,,11/15/16 00:00:00,11/16/16 00:00:00,3236032
AmazonEC2,RunInstances,USW2-DataTransfer-Out-Bytes,,11/15/16 00:00:00,11/16/16 00:00:00,737298
AmazonEC2,LoadBalancing,USW2-LoadBalancerUsage,,11/15/16 00:00:00,11/16/16 00:00:00,24
AmazonEC2,EBS:Gp2-IO-Write,USW2-EBS:VolumeIOUsage.gp2,,11/15/16 00:00:00,11/16/16 00:00:00,15522
AmazonEC2,RunInstances,USW2-BoxUsage:t2.micro,,11/15/16 00:00:00,11/16/16 00:00:00,24
AmazonEC2,Unknown,CW:AlarmMonitorUsage,,11/15/16 00:00:00,11/16/16 00:00:00,48
AmazonEC2,CreateVolume-Gp2,USW2-EBS:VolumeUsage.gp2,,11/15/16 00:00:00,11/16/16 00:00:00,231928233984
AmazonEC2,LoadBalancing,USW2-DataTransfer-Out-Bytes,,11/15/16 00:00:00,11/16/16 00:00:00,456418
AmazonEC2,RunInstances,USW2-DataTransfer-ELB-Out-Bytes,,11/15/16 00:00:00,11/16/16 00:00:00,12512657
AmazonEC2,AssociateAddress,USW2-ElasticIP:IdleAddress,,11/15/16 00:00:00,11/16/16 00:00:00,24
AmazonEC2,Unknown,USW2-CW:AlarmMonitorUsage,,11/15/16 00:00:00,11/16/16 00:00:00,24
AmazonEC2,CreateVolume,USW2-EBS:VolumeUsage,,11/15/16 00:00:00,11/16/16 00:00:00,206158430208
AmazonEC2,PublicIP-In,USW2-SAE1-AWS-In-Bytes,,11/15/16 00:00:00,11/16/16 00:00:00,89
AmazonEC2,RunInstances,USW2-DataTransfer-In-Bytes,,11/15/16 00:00:00,11/16/16 00:00:00,647476
AmazonEC2,EBS:Gp2-IO-Read,USW2-EBS:VolumeIOUsage.gp2,,11/15/16 00:00:00,11/16/16 00:00:00,0
AmazonEC2,RunInstances,USW2-DataTransfer-ELB-In-Bytes,,11/15/16 00:00:00,11/16/16 00:00:00,3235324
AmazonEC2,RunInstances,USW2-C3DataTransfer-Out-Bytes,,11/15/16 00:00:00,11/16/16 00:00:00,48933
AmazonEC2,RunInstances,USW2-C3DataTransfer-In-Bytes,,11/15/16 00:00:00,11/16/16 00:00:00,84096
AmazonEC2,NatGateway,USW2-NatGateway-Bytes,,11/15/16 00:00:00,11/16/16 00:00:00,2960
AmazonEC2,LoadBalancing,USW2-DataTransfer-In-Bytes,,11/15/16 00:00:00,11/16/16 00:00:00,25183
AmazonEC2,LoadBalancing,USW2-TestDataProcessing-Bytes,,11/15/16 00:00:00,11/16/16 00:00:00,62681
AmazonEC2,LoadBalancing,USW2-DataProcessing-Bytes,,11/15/16 00:00:00,11/16/16 00:00:00,62681
AmazonEC2,PublicIP-In,USW2-USE1-AWS-In-Bytes,,11/15/16 00:00:00,11/16/16 00:00:00,80
AmazonEC2,PublicIP-In,USW2-APS1-AWS-In-Bytes,,11/15/16 00:00:00,11/16/16 00:00:00,40
AmazonEC2,RunInstances,USW2-DataTransfer-AZ-In-Bytes,,11/15/16 00:00:00,11/16/16 00:00:00,8904
AmazonEC2,InterZone-In,USW2-DataTransfer-Regional-Bytes,,11/15/16 00:00:00,11/16/16 00:00:00,8904
AmazonEC2,InterZone-Out,USW2-DataTransfer-Regional-Bytes,,11/15/16 00:00:00,11/16/16 00:00:00,34723
AmazonEC2,RunInstances,USW2-DataTransfer-AZ-Out-Bytes,,11/15/16 00:00:00,11/16/16 00:00:00,34723
AmazonEC2,CreateSnapshot,EBS:SnapshotUsage,,11/15/16 00:00:00,11/16/16 00:00:00,9423844728
AmazonEC2,CreateSnapshot,USW1-EBS:SnapshotUsage,,11/15/16 00:00:00,11/16/16 00:00:00,8731053096
AmazonEC2,CreateSnapshot,USW2-EBS:SnapshotUsage,,11/15/16 00:00:00,11/16/16 00:00:00,29053943808
AmazonEC2,LoadBalancing,USW2-TestDataProcessing-Bytes,,11/16/16 00:00:00,11/17/16 00:00:00,96898
AmazonEC2,EBS:Gp2-IO-Write,USW2-EBS:VolumeIOUsage.gp2,,11/16/16 00:00:00,11/17/16 00:00:00,15236
AmazonEC2,RunInstances,USW2-BoxUsage:t2.micro,,11/16/16 00:00:00,11/17/16 00:00:00,24
AmazonEC2,LoadBalancing,USW2-DataProcessing-Bytes,,11/16/16 00:00:00,11/17/16 00:00:00,96898
AmazonEC2,CreateVolume-Gp2,USW2-EBS:VolumeUsage.gp2,,11/16/16 00:00:00,11/17/16 00:00:00,231928233984
AmazonEC2,LoadBalancing,USW2-DataTransfer-ELB-Out-Bytes,,11/16/16 00:00:00,11/17/16 00:00:00,3141302
AmazonEC2,LoadBalancing,USW2-DataTransfer-In-Bytes,,11/16/16 00:00:00,11/17/16 00:00:00,76977
AmazonEC2,RunInstances,USW2-DataTransfer-Out-Bytes,,11/16/16 00:00:00,11/17/16 00:00:00,1081369
AmazonEC2,Unknown,CW:AlarmMonitorUsage,,11/16/16 00:00:00,11/17/16 00:00:00,48
AmazonEC2,Unknown,USW2-CW:AlarmMonitorUsage,,11/16/16 00:00:00,11/17/16 00:00:00,24
AmazonEC2,LoadBalancing,USW2-LoadBalancerUsage,,11/16/16 00:00:00,11/17/16 00:00:00,24
AmazonEC2,CreateVolume-Gp2,EBS:VolumeUsage.gp2,,11/16/16 00:00:00,11/17/16 00:00:00,773094113280
AmazonEC2,RunInstances,USW2-C3DataTransfer-Out-Bytes,,11/16/16 00:00:00,11/17/16 00:00:00,20922
AmazonEC2,RunInstances,USW2-DataTransfer-In-Bytes,,11/16/16 00:00:00,11/17/16 00:00:00,736557
AmazonEC2,EBS:Gp2-IO-Read,USW2-EBS:VolumeIOUsage.gp2,,11/16/16 00:00:00,11/17/16 00:00:00,0
AmazonEC2,RunInstances,USW2-DataTransfer-ELB-Out-Bytes,,11/16/16 00:00:00,11/17/16 00:00:00,11880923
AmazonEC2,NatGateway,USW2-NatGateway-Hours,,11/16/16 00:00:00,11/17/16 00:00:00,24
AmazonEC2,CreateVolume,USW2-EBS:VolumeUsage,,11/16/16 00:00:00,11/17/16 00:00:00,206158430208
AmazonEC2,RunInstances,USW2-DataTransfer-ELB-In-Bytes,,11/16/16 00:00:00,11/17/16 00:00:00,3140862
AmazonEC2,RunInstances,USW2-C3DataTransfer-In-Bytes,,11/16/16 00:00:00,11/17/16 00:00:00,47734
AmazonEC2,AssociateAddress,USW2-ElasticIP:IdleAddress,,11/16/16 00:00:00,11/17/16 00:00:00,24
AmazonEC2,LoadBalancing,USW2-DataTransfer-ELB-In-Bytes,,11/16/16 00:00:00,11/17/16 00:00:00,11881199
AmazonEC2,LoadBalancing,USW2-DataTransfer-Out-Bytes,,11/16/16 00:00:00,11/17/16 00:00:00,446361
AmazonEC2,PublicIP-In,USW2-USE1-AWS-In-Bytes,,11/16/16 00:00:00,11/17/16 00:00:00,44
AmazonEC2,NatGateway,USW2-NatGateway-Bytes,,11/16/16 00:00:00,11/17/16 00:00:00,400
AmazonEC2,CreateSnapshot,USW1-EBS:SnapshotUsage,,11/16/16 00:00:00,11/17/16 00:00:00,8731053096
AmazonEC2,CreateSnapshot,EBS:SnapshotUsage,,11/16/16 00:00:00,11/17/16 00:00:00,9423844728
AmazonEC2,CreateSnapshot,USW2-EBS:SnapshotUsage,,11/16/16 00:00:00,11/17/16 00:00:00,29053943808
AmazonEC2,CreateVolume,USW2-EBS:VolumeUsage,,11/17/16 00:00:00,11/18/16 00:00:00,206158430208
AmazonEC2,LoadBalancing,USW2-DataTransfer-ELB-In-Bytes,,11/17/16 00:00:00,11/18/16 00:00:00,12017072
AmazonEC2,LoadBalancing,USW2-DataProcessing-Bytes,,11/17/16 00:00:00,11/18/16 00:00:00,220577
AmazonEC2,LoadBalancing,USW2-DataTransfer-Out-Bytes,,11/17/16 00:00:00,11/18/16 00:00:00,1491020
AmazonEC2,RunInstances,USW2-C3DataTransfer-In-Bytes,,11/17/16 00:00:00,11/18/16 00:00:00,138787
AmazonEC2,AssociateAddress,USW2-ElasticIP:IdleAddress,,11/17/16 00:00:00,11/18/16 00:00:00,24
AmazonEC2,LoadBalancing,USW2-DataTransfer-In-Bytes,,11/17/16 00:00:00,11/18/16 00:00:00,677742
AmazonEC2,RunInstances,USW2-DataTransfer-ELB-In-Bytes,,11/17/16 00:00:00,11/18/16 00:00:00,3305205
AmazonEC2,CreateVolume-Gp2,EBS:VolumeUsage.gp2,,11/17/16 00:00:00,11/18/16 00:00:00,773094113280
AmazonEC2,Unknown,CW:AlarmMonitorUsage,,11/17/16 00:00:00,11/18/16 00:00:00,48
AmazonEC2,RunInstances,USW2-BoxUsage:t2.micro,,11/17/16 00:00:00,11/18/16 00:00:00,24
AmazonEC2,EBS:Gp2-IO-Write,USW2-EBS:VolumeIOUsage.gp2,,11/17/16 00:00:00,11/18/16 00:00:00,16039
AmazonEC2,RunInstances,USW2-DataTransfer-In-Bytes,,11/17/16 00:00:00,11/18/16 00:00:00,1113604
AmazonEC2,NatGateway,USW2-NatGateway-Hours,,11/17/16 00:00:00,11/18/16 00:00:00,24
AmazonEC2,Unknown,USW2-CW:AlarmMonitorUsage,,11/17/16 00:00:00,11/18/16 00:00:00,24
AmazonEC2,LoadBalancing,USW2-LoadBalancerUsage,,11/17/16 00:00:00,11/18/16 00:00:00,24
AmazonEC2,PublicIP-In,USW2-APS1-AWS-In-Bytes,,11/17/16 00:00:00,11/18/16 00:00:00,40
AmazonEC2,RunInstances,USW2-C3DataTransfer-Out-Bytes,,11/17/16 00:00:00,11/18/16 00:00:00,93654
AmazonEC2,PublicIP-In,USW2-USE1-AWS-In-Bytes,,11/17/16 00:00:00,11/18/16 00:00:00,44
AmazonEC2,CreateVolume-Gp2,USW2-EBS:VolumeUsage.gp2,,11/17/16 00:00:00,11/18/16 00:00:00,231928233984
AmazonEC2,RunInstances,USW2-DataTransfer-ELB-Out-Bytes,,11/17/16 00:00:00,11/18/16 00:00:00,12015453
AmazonEC2,LoadBalancing,USW2-DataTransfer-ELB-Out-Bytes,,11/17/16 00:00:00,11/18/16 00:00:00,3305273
AmazonEC2,EBS:Gp2-IO-Read,USW2-EBS:VolumeIOUsage.gp2,,11/17/16 00:00:00,11/18/16 00:00:00,0
AmazonEC2,LoadBalancing,USW2-TestDataProcessing-Bytes,,11/17/16 00:00:00,11/18/16 00:00:00,220577
AmazonEC2,RunInstances,USW2-DataTransfer-Out-Bytes,,11/17/16 00:00:00,11/18/16 00:00:00,2382941
AmazonEC2,NatGateway,USW2-NatGateway-Bytes,,11/17/16 00:00:00,11/18/16 00:00:00,840
AmazonEC2,CreateSnapshot,EBS:SnapshotUsage,,11/17/16 00:00:00,11/18/16 00:00:00,9423844728
AmazonEC2,CreateSnapshot,USW2-EBS:SnapshotUsage,,11/17/16 00:00:00,11/18/16 00:00:00,29053943808
AmazonEC2,CreateSnapshot,USW1-EBS:SnapshotUsage,,11/17/16 00:00:00,11/18/16 00:00:00,8731053096
AmazonEC2,LoadBalancing,USW2-DataProcessing-Bytes,,11/18/16 00:00:00,11/19/16 00:00:00,104073
AmazonEC2,EBS:Gp2-IO-Write,USW2-EBS:VolumeIOUsage.gp2,,11/18/16 00:00:00,11/19/16 00:00:00,18786
AmazonEC2,RunInstances,USW2-DataTransfer-In-Bytes,,11/18/16 00:00:00,11/19/16 00:00:00,2376702
AmazonEC2,LoadBalancing,USW2-DataTransfer-Out-Bytes,,11/18/16 00:00:00,11/19/16 00:00:00,452517
AmazonEC2,CreateVolume-Gp2,USW2-EBS:VolumeUsage.gp2,,11/18/16 00:00:00,11/19/16 00:00:00,231928233984
AmazonEC2,LoadBalancing,USW2-DataTransfer-In-Bytes,,11/18/16 00:00:00,11/19/16 00:00:00,88514
AmazonEC2,RunInstances,USW2-DataTransfer-ELB-Out-Bytes,,11/18/16 00:00:00,11/19/16 00:00:00,11889648
AmazonEC2,RunInstances,USW2-DataTransfer-ELB-In-Bytes,,11/18/16 00:00:00,11/19/16 00:00:00,3146676
AmazonEC2,LoadBalancing,USW2-DataTransfer-ELB-In-Bytes,,11/18/16 00:00:00,11/19/16 00:00:00,11879589
AmazonEC2,AssociateAddress,USW2-ElasticIP:IdleAddress,,11/18/16 00:00:00,11/19/16 00:00:00,24
AmazonEC2,EBS:Gp2-IO-Read,USW2-EBS:VolumeIOUsage.gp2,,11/18/16 00:00:00,11/19/16 00:00:00,0
AmazonEC2,LoadBalancing,USW2-LoadBalancerUsage,,11/18/16 00:00:00,11/19/16 00:00:00,24
AmazonEC2,NatGateway,USW2-NatGateway-Hours,,11/18/16 00:00:00,11/19/16 00:00:00,24
AmazonEC2,CreateVolume,USW2-EBS:VolumeUsage,,11/18/16 00:00:00,11/19/16 00:00:00,206158430208
AmazonEC2,Unknown,CW:AlarmMonitorUsage,,11/18/16 00:00:00,11/19/16 00:00:00,48
AmazonEC2,Unknown,USW2-CW:AlarmMonitorUsage,,11/18/16 00:00:00,11/19/16 00:00:00,24
AmazonEC2,RunInstances,USW2-BoxUsage:t2.micro,,11/18/16 00:00:00,11/19/16 00:00:00,24
AmazonEC2,RunInstances,USW2-DataTransfer-Out-Bytes,,11/18/16 00:00:00,11/19/16 00:00:00,5309730
AmazonEC2,LoadBalancing,USW2-DataTransfer-ELB-Out-Bytes,,11/18/16 00:00:00,11/19/16 00:00:00,3144252
AmazonEC2,NatGateway,USW2-NatGateway-Bytes,,11/18/16 00:00:00,11/19/16 00:00:00,120
AmazonEC2,CreateVolume-Gp2,EBS:VolumeUsage.gp2,,11/18/16 00:00:00,11/19/16 00:00:00,773094113280
AmazonEC2,LoadBalancing,USW2-TestDataProcessing-Bytes,,11/18/16 00:00:00,11/19/16 00:00:00,104073
AmazonEC2,RunInstances,USW2-C3DataTransfer-In-Bytes,,11/18/16 00:00:00,11/19/16 00:00:00,323208
AmazonEC2,RunInstances,USW2-C3DataTransfer-Out-Bytes,,11/18/16 00:00:00,11/19/16 00:00:00,189166
AmazonEC2,LoadBalancing-PublicIP-Out,USW2-USE1-AWS-Out-Bytes,,11/18/16 00:00:00,11/19/16 00:00:00,2116
AmazonEC2,LoadBalancing-PublicIP-In,USW2-USE1-AWS-In-Bytes,,11/18/16 00:00:00,11/19/16 00:00:00,764
AmazonEC2,CreateSnapshot,USW1-EBS:SnapshotUsage,,11/18/16 00:00:00,11/19/16 00:00:00,8731053096
AmazonEC2,CreateSnapshot,USW2-EBS:SnapshotUsage,,11/18/16 00:00:00,11/19/16 00:00:00,29053943808
AmazonEC2,CreateSnapshot,EBS:SnapshotUsage,,11/18/16 00:00:00,11/19/16 00:00:00,9423844728
AmazonEC2,Unknown,USW2-CW:AlarmMonitorUsage,,11/19/16 00:00:00,11/20/16 00:00:00,24
AmazonEC2,CreateVolume,USW2-EBS:VolumeUsage,,11/19/16 00:00:00,11/20/16 00:00:00,206158430208
AmazonEC2,LoadBalancing,USW2-DataTransfer-Out-Bytes,,11/19/16 00:00:00,11/20/16 00:00:00,447246
AmazonEC2,RunInstances,USW2-DataTransfer-ELB-Out-Bytes,,11/19/16 00:00:00,11/20/16 00:00:00,11858349
AmazonEC2,RunInstances,USW2-DataTransfer-In-Bytes,,11/19/16 00:00:00,11/20/16 00:00:00,319910
AmazonEC2,RunInstances,USW2-DataTransfer-ELB-In-Bytes,,11/19/16 00:00:00,11/20/16 00:00:00,3100025
AmazonEC2,RunInstances,USW2-BoxUsage:t2.micro,,11/19/16 00:00:00,11/20/16 00:00:00,24
AmazonEC2,LoadBalancing,USW2-TestDataProcessing-Bytes,,11/19/16 00:00:00,11/20/16 00:00:00,84356
AmazonEC2,LoadBalancing,USW2-DataProcessing-Bytes,,11/19/16 00:00:00,11/20/16 00:00:00,84356
AmazonEC2,EBS:Gp2-IO-Write,USW2-EBS:VolumeIOUsage.gp2,,11/19/16 00:00:00,11/20/16 00:00:00,14542
AmazonEC2,LoadBalancing,USW2-DataTransfer-ELB-In-Bytes,,11/19/16 00:00:00,11/20/16 00:00:00,11864386
AmazonEC2,RunInstances,USW2-C3DataTransfer-In-Bytes,,11/19/16 00:00:00,11/20/16 00:00:00,697844
AmazonEC2,NatGateway,USW2-NatGateway-Bytes,,11/19/16 00:00:00,11/20/16 00:00:00,320
AmazonEC2,CreateVolume-Gp2,EBS:VolumeUsage.gp2,,11/19/16 00:00:00,11/20/16 00:00:00,773094113280
AmazonEC2,RunInstances,USW2-DataTransfer-Out-Bytes,,11/19/16 00:00:00,11/20/16 00:00:00,323945
AmazonEC2,LoadBalancing,USW2-DataTransfer-In-Bytes,,11/19/16 00:00:00,11/20/16 00:00:00,62067
AmazonEC2,CreateVolume-Gp2,USW2-EBS:VolumeUsage.gp2,,11/19/16 00:00:00,11/20/16 00:00:00,231928233984
AmazonEC2,RunInstances,USW2-C3DataTransfer-Out-Bytes,,11/19/16 00:00:00,11/20/16 00:00:00,13974
AmazonEC2,AssociateAddress,USW2-ElasticIP:IdleAddress,,11/19/16 00:00:00,11/20/16 00:00:00,24
AmazonEC2,Unknown,CW:AlarmMonitorUsage,,11/19/16 00:00:00,11/20/16 00:00:00,48
AmazonEC2,LoadBalancing,USW2-DataTransfer-ELB-Out-Bytes,,11/19/16 00:00:00,11/20/16 00:00:00,3101457
AmazonEC2,LoadBalancing,USW2-LoadBalancerUsage,,11/19/16 00:00:00,11/20/16 00:00:00,24
AmazonEC2,PublicIP-In,USW2-USE1-AWS-In-Bytes,,11/19/16 00:00:00,11/20/16 00:00:00,128
AmazonEC2,NatGateway,USW2-NatGateway-Hours,,11/19/16 00:00:00,11/20/16 00:00:00,24
AmazonEC2,EBS:Gp2-IO-Read,USW2-EBS:VolumeIOUsage.gp2,,11/19/16 00:00:00,11/20/16 00:00:00,0
AmazonEC2,PublicIP-In,USW2-DataTransfer-Regional-Bytes,,11/19/16 00:00:00,11/20/16 00:00:00,100
AmazonEC2,PublicIP-In,USW2-APS1-AWS-In-Bytes,,11/19/16 00:00:00,11/20/16 00:00:00,40
AmazonEC2,PublicIP-Out,USW2-USE1-AWS-Out-Bytes,,11/19/16 00:00:00,11/20/16 00:00:00,40
AmazonEC2,LoadBalancing-PublicIP-Out,USW2-APN1-AWS-Out-Bytes,,11/19/16 00:00:00,11/20/16 00:00:00,2004
AmazonEC2,LoadBalancing-PublicIP-In,USW2-APN1-AWS-In-Bytes,,11/19/16 00:00:00,11/20/16 00:00:00,548
AmazonEC2,PublicIP-In,USW2-APN1-AWS-In-Bytes,,11/19/16 00:00:00,11/20/16 00:00:00,40
AmazonEC2,CreateSnapshot,USW2-EBS:SnapshotUsage,,11/19/16 00:00:00,11/20/16 00:00:00,29053943808
AmazonEC2,CreateSnapshot,EBS:SnapshotUsage,,11/19/16 00:00:00,11/20/16 00:00:00,9423844728
AmazonEC2,CreateSnapshot,USW1-EBS:SnapshotUsage,,11/19/16 00:00:00,11/20/16 00:00:00,8731053096
AmazonEC2,LoadBalancing,USW2-LoadBalancerUsage,,11/20/16 00:00:00,11/21/16 00:00:00,24
AmazonEC2,LoadBalancing,USW2-DataTransfer-ELB-Out-Bytes,,11/20/16 00:00:00,11/21/16 00:00:00,3066145
AmazonEC2,RunInstances,USW2-DataTransfer-Out-Bytes,,11/20/16 00:00:00,11/21/16 00:00:00,568554
AmazonEC2,EBS:Gp2-IO-Read,USW2-EBS:VolumeIOUsage.gp2,,11/20/16 00:00:00,11/21/16 00:00:00,0
AmazonEC2,RunInstances,USW2-DataTransfer-ELB-In-Bytes,,11/20/16 00:00:00,11/21/16 00:00:00,3065825
AmazonEC2,LoadBalancing,USW2-DataTransfer-In-Bytes,,11/20/16 00:00:00,11/21/16 00:00:00,42089
AmazonEC2,CreateVolume-Gp2,EBS:VolumeUsage.gp2,,11/20/16 00:00:00,11/21/16 00:00:00,773094113280
AmazonEC2,RunInstances,USW2-DataTransfer-In-Bytes,,11/20/16 00:00:00,11/21/16 00:00:00,427471
AmazonEC2,CreateVolume,USW2-EBS:VolumeUsage,,11/20/16 00:00:00,11/21/16 00:00:00,206158430208
AmazonEC2,Unknown,CW:AlarmMonitorUsage,,11/20/16 00:00:00,11/21/16 00:00:00,48
AmazonEC2,Unknown,USW2-CW:AlarmMonitorUsage,,11/20/16 00:00:00,11/21/16 00:00:00,24
AmazonEC2,NatGateway,USW2-NatGateway-Hours,,11/20/16 00:00:00,11/21/16 00:00:00,24
AmazonEC2,RunInstances,USW2-BoxUsage:t2.micro,,11/20/16 00:00:00,11/21/16 00:00:00,24
AmazonEC2,RunInstances,USW2-DataTransfer-ELB-Out-Bytes,,11/20/16 00:00:00,11/21/16 00:00:00,11816227
AmazonEC2,EBS:Gp2-IO-Write,USW2-EBS:VolumeIOUsage.gp2,,11/20/16 00:00:00,11/21/16 00:00:00,14765
AmazonEC2,AssociateAddress,USW2-ElasticIP:IdleAddress,,11/20/16 00:00:00,11/21/16 00:00:00,24
AmazonEC2,CreateVolume-Gp2,USW2-EBS:VolumeUsage.gp2,,11/20/16 00:00:00,11/21/16 00:00:00,231928233984
AmazonEC2,LoadBalancing,USW2-DataTransfer-ELB-In-Bytes,,11/20/16 00:00:00,11/21/16 00:00:00,11816399
AmazonEC2,LoadBalancing,USW2-DataTransfer-Out-Bytes,,11/20/16 00:00:00,11/21/16 00:00:00,409406
AmazonEC2,LoadBalancing,USW2-TestDataProcessing-Bytes,,11/20/16 00:00:00,11/21/16 00:00:00,46859
AmazonEC2,LoadBalancing,USW2-DataProcessing-Bytes,,11/20/16 00:00:00,11/21/16 00:00:00,46859
AmazonEC2,RunInstances,USW2-C3DataTransfer-Out-Bytes,,11/20/16 00:00:00,11/21/16 00:00:00,15572
AmazonEC2,RunInstances,USW2-C3DataTransfer-In-Bytes,,11/20/16 00:00:00,11/21/16 00:00:00,32797
AmazonEC2,LoadBalancing-PublicIP-In,USW2-APN1-AWS-In-Bytes,,11/20/16 00:00:00,11/21/16 00:00:00,80
AmazonEC2,LoadBalancing-PublicIP-Out,USW2-APN1-AWS-Out-Bytes,,11/20/16 00:00:00,11/21/16 00:00:00,44
AmazonEC2,NatGateway,USW2-NatGateway-Bytes,,11/20/16 00:00:00,11/21/16 00:00:00,560
AmazonEC2,PublicIP-In,USW2-USE1-AWS-In-Bytes,,11/20/16 00:00:00,11/21/16 00:00:00,40
AmazonEC2,PublicIP-In,USW2-APN1-AWS-In-Bytes,,11/20/16 00:00:00,11/21/16 00:00:00,100
AmazonEC2,CreateSnapshot,EBS:SnapshotUsage,,11/20/16 00:00:00,11/21/16 00:00:00,9423844728
AmazonEC2,CreateSnapshot,USW1-EBS:SnapshotUsage,,11/20/16 00:00:00,11/21/16 00:00:00,8731053096
AmazonEC2,CreateSnapshot,USW2-EBS:SnapshotUsage,,11/20/16 00:00:00,11/21/16 00:00:00,29053943808
AmazonEC2,NatGateway,USW2-NatGateway-Hours,,11/21/16 00:00:00,11/22/16 00:00:00,24
AmazonEC2,LoadBalancing,USW2-LoadBalancerUsage,,11/21/16 00:00:00,11/22/16 00:00:00,24
AmazonEC2,LoadBalancing,USW2-DataTransfer-In-Bytes,,11/21/16 00:00:00,11/22/16 00:00:00,46224
AmazonEC2,EBS:Gp2-IO-Read,USW2-EBS:VolumeIOUsage.gp2,,11/21/16 00:00:00,11/22/16 00:00:00,0
AmazonEC2,Unknown,CW:AlarmMonitorUsage,,11/21/16 00:00:00,11/22/16 00:00:00,48
AmazonEC2,RunInstances,USW2-BoxUsage:t2.micro,,11/21/16 00:00:00,11/22/16 00:00:00,24
AmazonEC2,CreateVolume,USW2-EBS:VolumeUsage,,11/21/16 00:00:00,11/22/16 00:00:00,206158430208
AmazonEC2,LoadBalancing,USW2-DataTransfer-Out-Bytes,,11/21/16 00:00:00,11/22/16 00:00:00,434709
AmazonEC2,LoadBalancing,USW2-DataTransfer-ELB-Out-Bytes,,11/21/16 00:00:00,11/22/16 00:00:00,3080810
AmazonEC2,RunInstances,USW2-DataTransfer-ELB-In-Bytes,,11/21/16 00:00:00,11/22/16 00:00:00,3080138
AmazonEC2,RunInstances,USW2-DataTransfer-In-Bytes,,11/21/16 00:00:00,11/22/16 00:00:00,1167033
AmazonEC2,AssociateAddress,USW2-ElasticIP:IdleAddress,,11/21/16 00:00:00,11/22/16 00:00:00,24
AmazonEC2,CreateVolume-Gp2,EBS:VolumeUsage.gp2,,11/21/16 00:00:00,11/22/16 00:00:00,773094113280
AmazonEC2,LoadBalancing,USW2-DataTransfer-ELB-In-Bytes,,11/21/16 00:00:00,11/22/16 00:00:00,11844048
AmazonEC2,RunInstances,USW2-DataTransfer-Out-Bytes,,11/21/16 00:00:00,11/22/16 00:00:00,2665182
AmazonEC2,CreateVolume-Gp2,USW2-EBS:VolumeUsage.gp2,,11/21/16 00:00:00,11/22/16 00:00:00,231928233984
AmazonEC2,RunInstances,USW2-DataTransfer-ELB-Out-Bytes,,11/21/16 00:00:00,11/22/16 00:00:00,11840198
AmazonEC2,RunInstances,USW2-C3DataTransfer-In-Bytes,,11/21/16 00:00:00,11/22/16 00:00:00,300598
AmazonEC2,EBS:Gp2-IO-Write,USW2-EBS:VolumeIOUsage.gp2,,11/21/16 00:00:00,11/22/16 00:00:00,15633
AmazonEC2,RunInstances,USW2-C3DataTransfer-Out-Bytes,,11/21/16 00:00:00,11/22/16 00:00:00,196296
AmazonEC2,Unknown,USW2-CW:AlarmMonitorUsage,,11/21/16 00:00:00,11/22/16 00:00:00,24
AmazonEC2,LoadBalancing,USW2-DataProcessing-Bytes,,11/21/16 00:00:00,11/22/16 00:00:00,67426
AmazonEC2,LoadBalancing,USW2-TestDataProcessing-Bytes,,11/21/16 00:00:00,11/22/16 00:00:00,67426
AmazonEC2,PublicIP-Out,USW2-DataTransfer-Regional-Bytes,,11/21/16 00:00:00,11/22/16 00:00:00,239
AmazonEC2,PublicIP-In,USW2-DataTransfer-Regional-Bytes,,11/21/16 00:00:00,11/22/16 00:00:00,528
AmazonEC2,NatGateway,USW2-NatGateway-Bytes,,11/21/16 00:00:00,11/22/16 00:00:00,280
AmazonEC2,PublicIP-In,USW2-USE1-AWS-In-Bytes,,11/21/16 00:00:00,11/22/16 00:00:00,344
AmazonEC2,PublicIP-In,USW2-APN1-AWS-In-Bytes,,11/21/16 00:00:00,11/22/16 00:00:00,40
AmazonEC2,PublicIP-In,USW2-APS2-AWS-In-Bytes,,11/21/16 00:00:00,11/22/16 00:00:00,104
AmazonEC2,CreateSnapshot,EBS:SnapshotUsage,,11/21/16 00:00:00,11/22/16 00:00:00,9423844728
AmazonEC2,CreateSnapshot,USW2-EBS:SnapshotUsage,,11/21/16 00:00:00,11/22/16 00:00:00,29053943808
AmazonEC2,CreateSnapshot,USW1-EBS:SnapshotUsage,,11/21/16 00:00:00,11/22/16 00:00:00,8731053096
AmazonEC2,RunInstances,USW2-DataTransfer-ELB-Out-Bytes,,11/22/16 00:00:00,11/23/16 00:00:00,9495576
AmazonEC2,NatGateway,USW2-NatGateway-Hours,,11/22/16 00:00:00,11/23/16 00:00:00,20
AmazonEC2,LoadBalancing,USW2-DataTransfer-ELB-Out-Bytes,,11/22/16 00:00:00,11/23/16 00:00:00,2460036
AmazonEC2,LoadBalancing,USW2-DataTransfer-In-Bytes,,11/22/16 00:00:00,11/23/16 00:00:00,25064
AmazonEC2,CreateVolume,USW2-EBS:VolumeUsage,,11/22/16 00:00:00,11/23/16 00:00:00,206158430208
AmazonEC2,AssociateAddress,USW2-ElasticIP:IdleAddress,,11/22/16 00:00:00,11/23/16 00:00:00,19
AmazonEC2,RunInstances,USW2-DataTransfer-In-Bytes,,11/22/16 00:00:00,11/23/16 00:00:00,192806
AmazonEC2,EBS:Gp2-IO-Read,USW2-EBS:VolumeIOUsage.gp2,,11/22/16 00:00:00,11/23/16 00:00:00,0
AmazonEC2,LoadBalancing,USW2-LoadBalancerUsage,,11/22/16 00:00:00,11/23/16 00:00:00,20
AmazonEC2,RunInstances,USW2-DataTransfer-ELB-In-Bytes,,11/22/16 00:00:00,11/23/16 00:00:00,2461468
AmazonEC2,Unknown,USW2-CW:AlarmMonitorUsage,,11/22/16 00:00:00,11/23/16 00:00:00,19.5
AmazonEC2,LoadBalancing,USW2-DataTransfer-Out-Bytes,,11/22/16 00:00:00,11/23/16 00:00:00,327102
AmazonEC2,CreateVolume-Gp2,EBS:VolumeUsage.gp2,,11/22/16 00:00:00,11/23/16 00:00:00,773094113280
AmazonEC2,RunInstances,USW2-DataTransfer-Out-Bytes,,11/22/16 00:00:00,11/23/16 00:00:00,237390
AmazonEC2,Unknown,CW:AlarmMonitorUsage,,11/22/16 00:00:00,11/23/16 00:00:00,48
AmazonEC2,EBS:Gp2-IO-Write,USW2-EBS:VolumeIOUsage.gp2,,11/22/16 00:00:00,11/23/16 00:00:00,11465
AmazonEC2,RunInstances,USW2-BoxUsage:t2.micro,,11/22/16 00:00:00,11/23/16 00:00:00,20
AmazonEC2,LoadBalancing,USW2-DataTransfer-ELB-In-Bytes,,11/22/16 00:00:00,11/23/16 00:00:00,9489479
AmazonEC2,CreateVolume-Gp2,USW2-EBS:VolumeUsage.gp2,,11/22/16 00:00:00,11/23/16 00:00:00,192199786496
AmazonEC2,LoadBalancing,USW2-DataProcessing-Bytes,,11/22/16 00:00:00,11/23/16 00:00:00,39533
AmazonEC2,RunInstances,USW2-C3DataTransfer-In-Bytes,,11/22/16 00:00:00,11/23/16 00:00:00,15245
AmazonEC2,LoadBalancing,USW2-TestDataProcessing-Bytes,,11/22/16 00:00:00,11/23/16 00:00:00,39533
AmazonEC2,RunInstances,USW2-C3DataTransfer-Out-Bytes,,11/22/16 00:00:00,11/23/16 00:00:00,5508
AmazonEC2,LoadBalancing-PublicIP-Out,USW2-DataTransfer-Regional-Bytes,,11/22/16 00:00:00,11/23/16 00:00:00,2007
AmazonEC2,LoadBalancing-PublicIP-Out,USW2-APS1-AWS-Out-Bytes,,11/22/16 00:00:00,11/23/16 00:00:00,2007
AmazonEC2,LoadBalancing-PublicIP-In,USW2-DataTransfer-Regional-Bytes,,11/22/16 00:00:00,11/23/16 00:00:00,483
AmazonEC2,LoadBalancing-PublicIP-In,USW2-APS1-AWS-In-Bytes,,11/22/16 00:00:00,11/23/16 00:00:00,536
AmazonEC2,PublicIP-In,USW2-APS1-AWS-In-Bytes,,11/22/16 00:00:00,11/23/16 00:00:00,80
AmazonEC2,NatGateway,USW2-NatGateway-Bytes,,11/22/16 00:00:00,11/23/16 00:00:00,80
AmazonEC2,PublicIP-In,USW2-USE2-AWS-In-Bytes,,11/22/16 00:00:00,11/23/16 00:00:00,80
AmazonEC2,CreateSnapshot,USW1-EBS:SnapshotUsage,,11/22/16 00:00:00,11/23/16 00:00:00,8731053096
AmazonEC2,CreateSnapshot,EBS:SnapshotUsage,,11/22/16 00:00:00,11/23/16 00:00:00,9423844728
AmazonEC2,CreateSnapshot,USW2-EBS:SnapshotUsage,,11/22/16 00:00:00,11/23/16 00:00:00,24211619840
AmazonEC2,CreateVolume-Gp2,EBS:VolumeUsage.gp2,,11/23/16 00:00:00,11/24/16 00:00:00,773094113280
AmazonEC2,Unknown,CW:AlarmMonitorUsage,,11/23/16 00:00:00,11/24/16 00:00:00,48
AmazonEC2,CreateVolume,USW2-EBS:VolumeUsage,,11/23/16 00:00:00,11/24/16 00:00:00,206158430208
AmazonEC2,CreateSnapshot,EBS:SnapshotUsage,,11/23/16 00:00:00,11/24/16 00:00:00,9423844728
AmazonEC2,CreateSnapshot,USW1-EBS:SnapshotUsage,,11/23/16 00:00:00,11/24/16 00:00:00,8731053096
AmazonEC2,CreateVolume-Gp2,EBS:VolumeUsage.gp2,,11/24/16 00:00:00,11/25/16 00:00:00,773094113280
AmazonEC2,Unknown,CW:AlarmMonitorUsage,,11/24/16 00:00:00,11/25/16 00:00:00,48
AmazonEC2,CreateVolume,USW2-EBS:VolumeUsage,,11/24/16 00:00:00,11/25/16 00:00:00,206158430208
AmazonEC2,CreateSnapshot,EBS:SnapshotUsage,,11/24/16 00:00:00,11/25/16 00:00:00,9423844728
AmazonEC2,CreateSnapshot,USW1-EBS:SnapshotUsage,,11/24/16 00:00:00,11/25/16 00:00:00,8731053096
AmazonEC2,CreateVolume,USW2-EBS:VolumeUsage,,11/25/16 00:00:00,11/26/16 00:00:00,206158430208
AmazonEC2,CreateVolume-Gp2,EBS:VolumeUsage.gp2,,11/25/16 00:00:00,11/26/16 00:00:00,773094113280
AmazonEC2,Unknown,CW:AlarmMonitorUsage,,11/25/16 00:00:00,11/26/16 00:00:00,48
AmazonEC2,CreateSnapshot,EBS:SnapshotUsage,,11/25/16 00:00:00,11/26/16 00:00:00,9423844728
AmazonEC2,CreateSnapshot,USW1-EBS:SnapshotUsage,,11/25/16 00:00:00,11/26/16 00:00:00,8731053096
AmazonEC2,CreateVolume-Gp2,EBS:VolumeUsage.gp2,,11/26/16 00:00:00,11/27/16 00:00:00,773094113280
AmazonEC2,CreateVolume,USW2-EBS:VolumeUsage,,11/26/16 00:00:00,11/27/16 00:00:00,206158430208
AmazonEC2,Unknown,CW:AlarmMonitorUsage,,11/26/16 00:00:00,11/27/16 00:00:00,48
AmazonEC2,CreateSnapshot,USW1-EBS:SnapshotUsage,,11/26/16 00:00:00,11/27/16 00:00:00,8731053096
AmazonEC2,CreateSnapshot,EBS:SnapshotUsage,,11/26/16 00:00:00,11/27/16 00:00:00,9423844728
AmazonEC2,Unknown,CW:AlarmMonitorUsage,,11/27/16 00:00:00,11/28/16 00:00:00,48
AmazonEC2,CreateVolume-Gp2,EBS:VolumeUsage.gp2,,11/27/16 00:00:00,11/28/16 00:00:00,773094113280
AmazonEC2,CreateVolume,USW2-EBS:VolumeUsage,,11/27/16 00:00:00,11/28/16 00:00:00,206158430208
AmazonEC2,CreateSnapshot,USW1-EBS:SnapshotUsage,,11/27/16 00:00:00,11/28/16 00:00:00,8731053096
AmazonEC2,CreateSnapshot,EBS:SnapshotUsage,,11/27/16 00:00:00,11/28/16 00:00:00,9423844728
AmazonEC2,CreateVolume,USW2-EBS:VolumeUsage,,11/28/16 00:00:00,11/29/16 00:00:00,206158430208
AmazonEC2,Unknown,CW:AlarmMonitorUsage,,11/28/16 00:00:00,11/29/16 00:00:00,48
AmazonEC2,CreateVolume-Gp2,EBS:VolumeUsage.gp2,,11/28/16 00:00:00,11/29/16 00:00:00,773094113280
AmazonEC2,CreateSnapshot,USW1-EBS:SnapshotUsage,,11/28/16 00:00:00,11/29/16 00:00:00,8731053096
AmazonEC2,CreateSnapshot,EBS:SnapshotUsage,,11/28/16 00:00:00,11/29/16 00:00:00,9423844728
AmazonEC2,CreateVolume-Gp2,EBS:VolumeUsage.gp2,,11/29/16 00:00:00,11/30/16 00:00:00,773094113280
AmazonEC2,Unknown,CW:AlarmMonitorUsage,,11/29/16 00:00:00,11/30/16 00:00:00,48
AmazonEC2,CreateVolume,USW2-EBS:VolumeUsage,,11/29/16 00:00:00,11/30/16 00:00:00,206158430208
AmazonEC2,CreateSnapshot,EBS:SnapshotUsage,,11/29/16 00:00:00,11/30/16 00:00:00,9423844728
AmazonEC2,CreateSnapshot,USW1-EBS:SnapshotUsage,,11/29/16 00:00:00,11/30/16 00:00:00,8731053096
AmazonEC2,CreateVolume,USW2-EBS:VolumeUsage,,11/30/16 00:00:00,12/01/16 00:00:00,206158430208
AmazonEC2,CreateVolume-Gp2,EBS:VolumeUsage.gp2,,11/30/16 00:00:00,12/01/16 00:00:00,773094113280
AmazonEC2,Unknown,CW:AlarmMonitorUsage,,11/30/16 00:00:00,12/01/16 00:00:00,48
AmazonEC2,CreateSnapshot,EBS:SnapshotUsage,,11/30/16 00:00:00,12/01/16 00:00:00,9423844728
AmazonEC2,CreateSnapshot,USW1-EBS:SnapshotUsage,,11/30/16 00:00:00,12/01/16 00:00:00,8731053096

